address,amount,id
0x05c0cada09a16b4e665894f688193050b67cb860,62000000000000000000,1
0x04fc5ee252efc3343df770e1a6261d77cff2476a,32000000000000000000,2
0x488a98b792580a5d433b7e3ffcccb623f4cb6e70,47000000000000000000,3
0x9a6e14de5af5e30a2aa1662c9b4cd5bcf0cc6e44,45000000000000000000,4
0x1130d21c437fdfb7345bf3f708827580fc467735,60000000000000000000,5
0xba5685f5ddafd64e714a187a4783a72c6bd420e3,95000000000000000000,6
0xcdc65b472b84ffa4090cd6bced142835b4c2e1b4,35000000000000000000,7
0xbb2b7eded3de7beb8f2b66986ee02c94d0651c30,74000000000000000000,8
0x5addc5aa4d2e1d0d03d8d459b7a9f897d5dfa26a,4000000000000000000,9
0xc0a42b014f2df162133ad73105777d0761ea6906,48000000000000000000,10
0x3b061f1b0156ca437407b433eed7ece09791c6e9,63000000000000000000,11
0x45078622e7ad0e4521d73611a8833a06ac165a4e,36000000000000000000,12
0x9fa4c5a067ad1faa8c74f548b2bc6c9e8f9449b3,19000000000000000000,13
0x640d211189a9a6189c8646f6c111d155061a115d,71000000000000000000,14
0xd90fce6375f16fa1365201b372b17d4e70614e20,20000000000000000000,15
0x7c8f1f88b498c65550fbf7459928b262f58d0d72,100000000000000000000,16
0xb25b17bff73997aac7774b0e0ef0887e7e65993f,7000000000000000000,17
0x390ee15ac1273f7005047464782dca1a6e60dc04,37000000000000000000,18
0xd4158eb8690793c647e773b2f44ccab17aef5ad2,34000000000000000000,19
0xe7b20d9de73706f07bab79f7cde18edb78200e1c,15000000000000000000,20
0x755994661c013be8f401b1cdf71fbe0fd0c8c43c,62000000000000000000,21
0x83aafa23c2ce61daa80efa6b756ef4fe8e195d38,17000000000000000000,22
0xdad226c380cf506a37826beac4b0da9098b5cffd,94000000000000000000,23
0xe3768e2526152740a5e8e708f0f8fe9483e95fe7,65000000000000000000,24
0x9d0d820398e641a57b2404138ea569b129d87167,72000000000000000000,25
0x7e604043d9d91f995a77bce1854ec47fb32ed1ed,73000000000000000000,26
0x03ab0c3b7ed87a08c6471dd6990cb61478d562eb,53000000000000000000,27
0x8c2573e5c25c4296ca9657380071153ee51b829e,44000000000000000000,28
0x8f26efcb1dba3c2254c22731189ad1f89491b273,67000000000000000000,29
0x806cfef33a50a50311ca6ab8830a9ea7a83fc2cb,66000000000000000000,30
0xd224f1ab6dbd2deac1f3da9cb00aa73ee6bddbb6,18000000000000000000,31
0x4739470d8048f83aac365486ed20b4d4df90723f,62000000000000000000,32
0xb182befceff8df0ba4e17ef6035294544c4d46fb,34000000000000000000,33
0x4c359d562ec07ff61b636a89c92403ecb3e09720,17000000000000000000,34
0xe0151cef70241c8964ee421d6f4ebfb96f3c7ade,45000000000000000000,35
0xeb46fec11545bbd76229b753a31299ae481fd32b,12000000000000000000,36
0x06ab23e40392fb5acc08538852c2c1e86a933468,77000000000000000000,37
0xb0f38d8937ce097277f9f2819bf512e9d485d04d,9000000000000000000,38
0xe33aec5030f5a6396c0135e8bd16d419e72f8c71,91000000000000000000,39
0x69021fd0e5c636e02bb4e358455b73e9c82ab7fa,74000000000000000000,40
0x389461c747de34fe0a94ea50ef1afd597047b8ed,52000000000000000000,41
0x1528054c07285676319f1843ab64eeab5e0669d3,11000000000000000000,42
0x26923f32fd46e2464e66df03810e5afe0b805cad,35000000000000000000,43
0xdef00697fc63d7faa51ec0a0f12b103750a89298,63000000000000000000,44
0x0c7cddff33fbbff0355e9ef59c559261382a8746,16000000000000000000,45
0x781c507f8d4d9636cb7be06ac7f17f8fa4f1b78a,19000000000000000000,46
0x314e9fee0ffe27f8fe1dac2daf2a6cff73c6a5b7,1000000000000000000,47
0xb57b7ef5e025583389574d46b7b30581cb7d44a6,23000000000000000000,48
0xab5aa347051e4ccd592d7474eca7c998550a1d3a,52000000000000000000,49
0x4b1c2b87f9a270425ea229ca1423c169c61f10c5,85000000000000000000,50
0xb2e57d253d2461c18d4fb80906e77aa1a593a32c,69000000000000000000,51
0xb04ae5237970230946a54e815d2200581838376f,78000000000000000000,52
0xee8462a884a19828a5f8df2c40f34440571e7090,33000000000000000000,53
0xd51a79787be2ceb7a434ce9f6e1b0722ca3dfa1a,73000000000000000000,54
0xc3f034c88f507c521525f630c34d65a74aca1785,7000000000000000000,55
0x0480a71dfb32c24a9b7d11574f5dc035592a28c4,50000000000000000000,56
0x4392556e3d72e5719974bbc1555bf9d9446b7bb0,21000000000000000000,57
0x0c8c70f89b0db7689da999055be7578e7c573116,21000000000000000000,58
0xbc03d6b341b42f14dc64dd95d353d726370bbbad,26000000000000000000,59
0xff6e64d21b5420b53cbaa4505dfcda49786a2a3b,51000000000000000000,60
0xfd8bd8e79cfcd6dd4fcb6e1f0b781493ac06a83c,45000000000000000000,61
0x0230f26172c8e726db1c71140cb47170520cb7ee,13000000000000000000,62
0x24d3e7bf8f0c56386e0d45a71a6b2f9a0acdc584,86000000000000000000,63
0xfeb0b35f19522ac02106d92042d34429ce2851f3,71000000000000000000,64
0x63b8d07b806dc41d63b12c70add9061ca5938e2f,97000000000000000000,65
0x9719f4cb1faee8b68fee7b6140fe3f6eb320f674,61000000000000000000,66
0xf1390b38aaad87d469f7f7fe43110e70d7e326a5,38000000000000000000,67
0x6bebebac050c71692945092423bf5f36cdb6ea14,56000000000000000000,68
0x5720f89b9dfaac0aa9366b2c558086a45d77901d,70000000000000000000,69
0x721c721ddab7a635911dc1f108516116ce41b3d9,100000000000000000000,70
0x90314dded0ca576ad25ae9fa2830dbe4b2f484f5,69000000000000000000,71
0xab62c86d68d71d553e5cbaf086a453813195f4f2,48000000000000000000,72
0x09c5027bc1d713c8176a76d54d1a1b001cc224ff,29000000000000000000,73
0x9ad6296a05199959ba2e272482257de9a06241d8,41000000000000000000,74
0xf48c3e1aac6c99da97a7c75e5337fb9e1894080b,72000000000000000000,75
0x93a3e963bfe45ebb5f9e7eccdfb9f30f7c6d6aba,48000000000000000000,76
0x3b57aca3be14bcb6c8e0b413b28f2ddd5abdffdb,31000000000000000000,77
0x8d668c17f9ca91f0cba6e29c5124bdb084af2c1b,77000000000000000000,78
0xc07a239496a88b705f887d02298a967937eb30ad,10000000000000000000,79
0xb3a11b449ad9a1cc74c9054545f172c14eebaa68,51000000000000000000,80
0x178fba407967d3e4efd6c69aff3462a2fca5d169,30000000000000000000,81
0x85a08733bfbb6c2f9839aa0d5331dc68e85a19fb,74000000000000000000,82
0xfc976753a7d640e2403411d61a09113dd30a994b,24000000000000000000,83
0x9a55f9ec7e40606174e469d26506785957be1e6d,33000000000000000000,84
0x56d01f5d4f0e47f62f3aa0394e0563232f1d4716,75000000000000000000,85
0x31f89aac70ac3ffa7905501f805d860c316d1993,46000000000000000000,86
0xfc402875e0566dd054c4ba5c61448c45d41caf31,73000000000000000000,87
0xf82fba1e59e2763557d2cc6cd3f2557d97830c3a,71000000000000000000,88
0x6203b27bd761c9269e6457f57948cd82bf36e1c5,98000000000000000000,89
0x8b0fbe004122c431cab984bbbe749aca58d3bb80,44000000000000000000,90
0x0543f720296e341500f1996b4a30f53f2522da1c,20000000000000000000,91
0x254492b22b92a01754fa49679efc5b9c1135c0dd,72000000000000000000,92
0xb4cded65d9ef40485ecfaf5037844a92f0c93e12,90000000000000000000,93
0xe5dcfb88af20cba2fe0cfc1801cbdc809a87f540,37000000000000000000,94
0xd7c522b336d48443a3a7f80bfb063a17d0b9d2fe,45000000000000000000,95
0x9440c9c76d5bec8e597d43872cf937311fafd3ee,2000000000000000000,96
0xfa40d7367554d68015fe3de34e1e6eae8916a763,86000000000000000000,97
0x62250792a8a6b1e06dff991e5c363221e6087775,30000000000000000000,98
0x516d76f6a26133dd1c6d45e2ea542660a61e5b7c,11000000000000000000,99
0x75d36917f27bbde7eff8407ac74d8bbf34b76c65,64000000000000000000,100
0xbc99ef8696c22ece8519c7eee99a33d6505137a5,70000000000000000000,101
0x8c199470982003e6617a8585016b1849930a7d1e,62000000000000000000,102
0x5316c2be0b173e62c84b2ab9cce709a083be269b,37000000000000000000,103
0x14832bb71549a0728582a4b77e5691d99ad45cbe,62000000000000000000,104
0x880e87c5c5c869c4b2277d120c76f69bd1fe86e2,12000000000000000000,105
0x6098e33e3afdc059290ae8372aae6de12fcc5ddf,95000000000000000000,106
0x72f9aeaa3d9bd46d27941de89cefbed3e8937948,100000000000000000000,107
0x426404e5f020aad9379960a34219fdac0d1c1353,89000000000000000000,108
0xe6a647fd4b3164a4f6966d8bf44a8f6e9e20b278,89000000000000000000,109
0xa961dc15649427a0cf9112135c3914f8789c528a,27000000000000000000,110
0xeaaa2035ff4d2c11c27e004717e7c3c81851b778,73000000000000000000,111
0x0120b39fa2d94b20b3fdecbc94789642fcd8ff2f,2000000000000000000,112
0x91bfec449243ca6fcfc23ccfacd99cea1df1d21d,20000000000000000000,113
0x44836b3e047bdb35646f08e02cd89a3e7ef6193f,91000000000000000000,114
0xcd9c46668db29fc32942e0561dc1e9d244b00784,89000000000000000000,115
0x52d6e3d38d29031abf7513f0c9d6ce59676778db,95000000000000000000,116
0xc77469f838bd8acc557b12cb33f1bbfee5e0c1fa,48000000000000000000,117
0xdd441e2506f8933410c2c1cc27052f026b2e1d1f,70000000000000000000,118
0x64c30a1029caa483daf975f52463cfd53cb74ad4,50000000000000000000,119
0xac1d544afcdbd931ffe0ffb5324ae96ac9443232,44000000000000000000,120
0xbbaaf0c460c5be172018d10f8098d839517d265b,64000000000000000000,121
0xbe63099ede7babe80e72b02663b25cfa150be64c,44000000000000000000,122
0x15c7308e7b234b18f9b1ee132b68ddeaaacbf6df,34000000000000000000,123
0x5388273def10acc9b03c4f9e70791540f92f0fcc,29000000000000000000,124
0xb5149b02c0a3a3b4b2be850825b6a43fb9f40ce0,17000000000000000000,125
0x29e8c528b5392e2d043fc412ef9e9cf8135e2753,85000000000000000000,126
0xe598ec997971e62a457fa2e178ebe32191345f91,33000000000000000000,127
0xbc0c7bc62b3e4f01baae637574b3f494ba14b303,61000000000000000000,128
0x58281adf0c1c370c8cb29df557133c3706a93a78,47000000000000000000,129
0x3b3a754d77fdac60d44cf066ee1a427912a1417e,43000000000000000000,130
0x53e14f58531ff972490689c000b8bb08f252fbff,14000000000000000000,131
0xbb6a9ea37ed59f346a533dff883ed2a4175ea00e,29000000000000000000,132
0xa01101a9ca798f331eef7b551292a4fa0ab32034,53000000000000000000,133
0x337fa773c02501b06a46e48c3998bbe3b43126ed,34000000000000000000,134
0x12fbc05af5a8ff185fe8a08108fe07f7d0d3ca90,54000000000000000000,135
0x1513adbac97537f3fd58071dc0d633d837ce0c0c,38000000000000000000,136
0xaa2d58dd5688ba5c5fa39a2c8e96f3f6c2ab1d99,14000000000000000000,137
0x38ef599d66d5540e4402415ca8c6dc4bcc29b543,36000000000000000000,138
0xa5309babc8b111ae56bee308f378ec39803f90be,15000000000000000000,139
0x831ccacb90a458772e52625cc542ce7905f90074,52000000000000000000,140
0x1f03f4fef07868feb908add3b3a3fbe6a50d5b49,8000000000000000000,141
0x2673e7ab2d8a03cd7aeebd5d8d20581367eebb26,38000000000000000000,142
0x456ccf390a4f3d51aa6850c3b8bab74196170706,88000000000000000000,143
0x6c6c0e906b5dffd448d60ff5c2ad174abf831d23,56000000000000000000,144
0x65ec3aafc7784292dd1b20294bce3e5abcb7580a,10000000000000000000,145
0x64bdf75d8a71761c7c72027235bb65b581db3f62,98000000000000000000,146
0x0b9542d675c13254ada173d6a4b20f08a68b2a45,22000000000000000000,147
0x33bb388c7cf63312be0085d2cbd0fd42270b7aba,72000000000000000000,148
0xc859ca9701ca4f084f8ec30175813df59527e4e2,89000000000000000000,149
0x18e1cdc4f083f96fe6a27837939eb17633891981,98000000000000000000,150
0xf77be71a5aa06e86b996b5bbcb35a8a647396c38,11000000000000000000,151
0x60943f1d5f5768b5b4c839696a661c8cfa027cec,76000000000000000000,152
0x3d86e358c4f745f8787e483817a4d7879e6c85a2,40000000000000000000,153
0x8bfa3bc08eafc7747c0da9c35df2f584e6f58efd,12000000000000000000,154
0x7e4c3d72b3bcb26bbd0b3be760b7d4b410957aa0,23000000000000000000,155
0x18b7481abf323446a941dfd8017f413dab910a88,93000000000000000000,156
0x10c15bc7f1932a787c97e5006cf5556e49a88a6e,93000000000000000000,157
0x0dd3049423af9faceb378f36b1918cd9626be7bb,92000000000000000000,158
0xdffeb3a6545d8e549190e8dfde1f5a290e9c8472,40000000000000000000,159
0x21f619b83d2205208db890dbdbf10d287a9e4ed7,18000000000000000000,160
0x0d249107c97719fd7eaa43e69a72fba4330cec48,41000000000000000000,161
0xcd4daa0938d71db5a072634e42b45a3026c8f9d6,14000000000000000000,162
0x9c75b2f0d398ffc1ce5a0928b62af2cc203f8af2,53000000000000000000,163
0x0688e71db59a55b6d076ba1ed58c4cca5ae12724,54000000000000000000,164
0xd599779237b41876cfc581b073921e8985763294,10000000000000000000,165
0xb60b95d42114595ae33c56d66afafb7dd2533169,4000000000000000000,166
0xcbacd4a0e48771aaaf4b849e0e79849a32bcd39c,65000000000000000000,167
0x197f872ce8e3eb19cac041b73b38742861fb2501,29000000000000000000,168
0x175396123f2e92f1fae69d9c0908d027e84ee94a,2000000000000000000,169
0x1612dabf87b0db6b76094e5057779629d7c1d8b0,35000000000000000000,170
0xc52942cf0e381c9d11f840b369d640bfe9d76411,90000000000000000000,171
0xf9d164b997c7ef82aca2962026a68d74f01b680a,57000000000000000000,172
0xd7915a20b27eed66a289f9ca134f0cea31188aa4,52000000000000000000,173
0xe4b521d695915743e1c0b9d6e27856fe591952a6,52000000000000000000,174
0x48a2353c8d04c2072b7e86b894bd8071127ff575,73000000000000000000,175
0x532b46ed3bd8a37f53fcd5e19313e75886655c92,29000000000000000000,176
0x77bd22f512209f941fa7c6dd6a63bb9b63f4fea6,95000000000000000000,177
0x9335f45bde4c5d63b9257095e2941ddac16b91ae,65000000000000000000,178
0x679cc145735a32bd82523116af98dac862cd5de9,65000000000000000000,179
0x65928ecacce622416a562d5fdf26c4c92afa8753,33000000000000000000,180
0x7d83c525533544c8f1cc7aaaee8c347c47f734e9,87000000000000000000,181
0xb786591ee1eee8da85fedb1aae404da7a046b558,84000000000000000000,182
0xa8d38e3de52b53f948f3110f5e55c2c576a33ff6,88000000000000000000,183
0x1d204186c2eb55529a930f3aba15d3dc07024682,1000000000000000000,184
0x6aa10a0b09f448bc982af188dc7c9834a6e80420,37000000000000000000,185
0xf94a17849ab63ad9e81b5186c70ec8a8e688e3b0,65000000000000000000,186
0xac2941121e0ea7e8b30a6291e95616a88a246765,28000000000000000000,187
0x3e0ee4abb60f3df2c4a130f13047c6bbd6b02051,67000000000000000000,188
0xfa7ac5acbad90c08a9d2a6f85acad7d10a765ca4,46000000000000000000,189
0x75561f38a6ffac5ce2a89545f8adb3ef49bde849,24000000000000000000,190
0x95a905195bad15056a4bfd848c7205c882b92499,1000000000000000000,191
0x455ccfb8573bb86a761f537c1e624c4894f544da,10000000000000000000,192
0x9e8f43c6321674587279d0cd8553ae9fff1c42ce,19000000000000000000,193
0xabe123b08468d77014ae282716168463972cce71,46000000000000000000,194
0x6d93be656d89c1e5977d0f3bba5c5dd1eb01c60a,98000000000000000000,195
0x4fdabba124c69d16c41cb941f82cc22e67861f6e,73000000000000000000,196
0xfbd448acb7a188d58a49a7bfc177258947dfe36d,4000000000000000000,197
0xc7be48957ddfc1763b048bc5e743cb8306496731,62000000000000000000,198
0x0934ecc43c5f8257f2ef425c3ef7f48cb60003d5,46000000000000000000,199
0x0ce520088289708acf802ba7556cb5000bc463a1,56000000000000000000,200
0x8cf0493413de9a5fea138b4811f062c2ad060fd2,72000000000000000000,201
0x096636ec7ddfa5267e9cc7217393c60e6842d471,56000000000000000000,202
0xe4ece2e865fa220d1d58d3c84a6e7a50a41a5cc0,64000000000000000000,203
0x2e1823761fb4638b8e6081e92e20c3712b438e2c,51000000000000000000,204
0xf730bc1f8d4ab3cc145094cf460be366876f48fc,62000000000000000000,205
0x439c7cfb277aa3f77907c17b11dd597981bb70cb,95000000000000000000,206
0xfd6c128c52d985331a7db338c62ad47b1fa7a89e,96000000000000000000,207
0xf258c3388a25d42e8a1afde7cec8ccb02cb9f924,27000000000000000000,208
0x87e378b209edb1952c5e7df3eefffd89d2ea964a,96000000000000000000,209
0x9bcd093a4a0c3b00ff40ba636a252b84763c0e52,4000000000000000000,210
0x09a84b6b8e62b7f7d7e1b68bee41c4592f325c8c,95000000000000000000,211
0x3cb64f12c1dca6ab52e95befa6c29251f8b07642,2000000000000000000,212
0x189dccac210a15d4b367e336adb99f482b316ed1,8000000000000000000,213
0xaa92e09a9885856ddea2b14c5cb743c8bbf80028,65000000000000000000,214
0xed1a293cb3ba66f5b569e241534e902f4ea0df4b,6000000000000000000,215
0x41ec76de40290c790bcb29132e80bbcd70279850,86000000000000000000,216
0x1246c98a0b8576f102c82d3c9731c722e72052b1,84000000000000000000,217
0xf5f1edd6a18b53dbd4bd292a3ac5fe0cc7f2e5df,53000000000000000000,218
0x01018cedacf7b7392f4d1438418a9bda26806b20,52000000000000000000,219
0x3d2b4252894715dcee612dff8929bcca19ed836e,6000000000000000000,220
0x2e15ed638ada4a568e21d45612b4e419dbd699a7,91000000000000000000,221
0x6ba4bfcb255d050321d67be26cb5fe7f6d2c3ce0,56000000000000000000,222
0x94c603a87f5294e43d071ae26775c5932a3b62c5,45000000000000000000,223
0xb23dfe8181d173cd3c3ab105601988b6d826d2c9,99000000000000000000,224
0x141d2abd203c338bcab440c6652f83a116fc939f,8000000000000000000,225
0xbdf703091f1a72e5897480fb0a877ba2ecaaf318,64000000000000000000,226
0x1b0cd880f69487c569325a35af2df5a1b7c3279b,78000000000000000000,227
0x16d8c236539adb166c3fce71cb0e64b020d52d38,71000000000000000000,228
0xc24382935be74572dc3fa0a3390aabd633bda4d1,2000000000000000000,229
0x2e14e865c590c6e12fbeab414d00ad7ed6e96fb0,76000000000000000000,230
0x1322d3f5366057bba6b6423c0f233b9241d6a66d,44000000000000000000,231
0x94d06f5d23bc7b691be253026649d99265dd33e2,93000000000000000000,232
0x116a05a000ec603b6ad680585cba87e40f661ffb,11000000000000000000,233
0x675d50cecb704168d3947984604acf92112380b8,31000000000000000000,234
0x2bdbe20f2352a1b00a589899eb916653e8a72645,26000000000000000000,235
0x0511c21badf7dd0650bec485a37b77e056bc5b83,89000000000000000000,236
0x068138c79cc1ae79d723fef48c197c983a99530f,75000000000000000000,237
0x09bc8ddcfaa829a78df0d389b965c4f88ab71960,21000000000000000000,238
0x45f2dc867e2b292ca7dc961524ce4c42c8df3942,77000000000000000000,239
0x6af7c34b25f70757fc38bb23160efefd48ce505f,52000000000000000000,240
0x73cb9c4733c850b382b2e648bcb69cbc061bacdd,5000000000000000000,241
0x510c2c2ec8c468b73771f66ce160c93bde5742dd,19000000000000000000,242
0xcbfcd3478d447caffb259a354958b079e788cf56,32000000000000000000,243
0xaff0ddad31dba2d4fd27c5e4679a37edf2333940,54000000000000000000,244
0xe4787e2666c5e88e48a7672e0d3b5a22940087a4,27000000000000000000,245
0xb6c52f0201dca6d5b2fe318d2cf7c68a787163b7,16000000000000000000,246
0x92b2f2592833f4824ca7cac06759c969ee18e054,99000000000000000000,247
0x2bdef6c4a423013a7747210a661c559643c4e2c7,39000000000000000000,248
0x316b2e6e06e852d49b78c713c989e515f40c9ea8,82000000000000000000,249
0x15ab01519ff44d52292422ff687b18395dc5b641,48000000000000000000,250
0xdfd10a0023eec3fbba0a25f2cb0007a3b4d48258,5000000000000000000,251
0xe55483e87d3c554fb643a4249867de31106fa119,22000000000000000000,252
0xd25c4f34fe20962b95b229aa1f6fa6395bb3cfa5,1000000000000000000,253
0x0b64a62fa675521c70081c26bb0e07b4c0697b18,17000000000000000000,254
0xc1e562afa9b4dd06e1d6238e4248e26da6cd273f,86000000000000000000,255
0x53e0f43e03b57d2bd94747396750a8499f1aa9e8,57000000000000000000,256
0x05b04e9a13359e9d909da408ad372a1155121765,66000000000000000000,257
0xb3406d321d91b98bacf847393c0f5caa8094f33b,38000000000000000000,258
0xffff406ec6f693241000aa5e99079d4bbb24ed8a,34000000000000000000,259
0x97b552bf7132a3822af3e89bc8cb586c09b901de,29000000000000000000,260
0x0aac7631c88f75a2a224dc45ebd482b74ebbba31,29000000000000000000,261
0xb449fd28dfcdf12f0276d59d8709e34b4dec0f47,43000000000000000000,262
0xf00d4a09622e432dc6fa4b9c82872b5690d03ee4,53000000000000000000,263
0xfc04cf83543bb97cda1144cb71b622a863cfc51d,1000000000000000000,264
0x73c63a7c79a8349657d56c9df06c01a3742eb1e8,58000000000000000000,265
0x471ab886ed39547018bac9a4f47cdf8f01ae1dd9,63000000000000000000,266
0x81592dba3fac7c8899ecff351d9ff94cc18ed6e5,33000000000000000000,267
0x6f030089038a95492465c9b3ebd3bf409119df4a,38000000000000000000,268
0xd09afeb4aae8b0ed74210668d1ff721d2246bd72,4000000000000000000,269
0xcf48265ef058f5839197c12985858c42d003f92a,80000000000000000000,270
0x6b5f55e3154c9676195394aa714bbd6191a62488,74000000000000000000,271
0x452250573bc880b3d2e3e2681c82aec8e0e44135,21000000000000000000,272
0xc8d338e62ff681b0bd8ea3f42482a771f50a89a5,65000000000000000000,273
0x6811db1b2c1e95e63dce789b0271e3a62729c300,30000000000000000000,274
0x16c36d106e6ccd3b0f98bc399fcc41e6b0c861bd,4000000000000000000,275
0xa6016f88007434fb56badc2d068ae0326aa3f5a1,54000000000000000000,276
0x4a17aca499914540315eeb756985aa7b3b2ddff7,54000000000000000000,277
0xbaa4fde16a45133a23f3b69ada96a9336e631863,41000000000000000000,278
0x5c1ac2c3ed49be8b9a3ca73cdb96e6de2d12add7,45000000000000000000,279
0xafb1812393988ef5b9c763f70d479df119a2d39b,67000000000000000000,280
0xe270f574438f885874c5dc4446cc1d6bc9f45ba5,26000000000000000000,281
0x415f7355f98ae1e51bbb5b483d41807ff2b7d3a5,60000000000000000000,282
0xf7f65885e9e9f975950cc92dca0d616af66bd036,85000000000000000000,283
0xc359ec27789faaa240cd7e85af37658b00ca5aad,42000000000000000000,284
0xd7bac61d48a078f3eede9d19514fbccb03813285,12000000000000000000,285
0xcff5476cb02c601e3877b4f674efed9ed180697b,85000000000000000000,286
0x288f7baeb2981595b7c913a7768b0dbf3a417d58,88000000000000000000,287
0xef2717198c8fd40a3ea38d8ee0517d549e7d4962,53000000000000000000,288
0x83197882580c64d03b96d4124f2708ae44667d0f,81000000000000000000,289
0xf7bf22cf8bee25211918618679aba5b5d232784e,47000000000000000000,290
0xdd3ec5c0733683705d635b406d551409187a1df0,60000000000000000000,291
0xa5bae383b6847926467615c68f19a8f0d0abee74,90000000000000000000,292
0x0e0655b7758f1e3c4688237e76be6e8ec401214a,17000000000000000000,293
0x863170b93510499ece2292ec87cf86e6d2d7d983,91000000000000000000,294
0x3e48788b09dd396f50831771f58e2b5345e6d408,21000000000000000000,295
0x4f123073d54f6ed585a8e4a2483f9fed515fcfe7,74000000000000000000,296
0x76981ebecabfc18110f2bda79fbaa59ae8a1cf41,55000000000000000000,297
0xb6f0cebbd04bcdc70eb4dab3faf5e86fa0b9a836,8000000000000000000,298
0x32f108522bac7d875492c920c786e03bd12a6f2d,13000000000000000000,299
0x6f5d2ef53efedc840a75f7e05a4207f71c999a11,11000000000000000000,300
0x02a3619f2b4b5f9d9e82926e25faf46e1491733a,80000000000000000000,301
0x02f905aabc8884c9994a7d7c7b5a76c48b0d7eb1,56000000000000000000,302
0x74a1ab0d77310811ee3e81deb18418037c2fc723,98000000000000000000,303
0x565716437706deaae454ab8150e9581471532ffb,53000000000000000000,304
0xb3bc5e395a2ba0247e2e694d9bb1f2f0774f0319,60000000000000000000,305
0xbd46297ddce8e44a4606bdbcaaeac7ee54827ae0,64000000000000000000,306
0xcd09aa93ff1140e6c56fca9690866f5904357283,48000000000000000000,307
0xff2f5d886eab2b1814b514c71fa4a844a300d1a7,59000000000000000000,308
0x03a5f697021f426f6550d5030bfa96a7286c624f,65000000000000000000,309
0xf4f9f9b779650ce7482e0fb14d12c260361d2c85,36000000000000000000,310
0xa95e72a8f54150755c317a739720ecc37efea2d2,34000000000000000000,311
0xdcfda2baccea7048051d20b21fbf5488687a1d8d,15000000000000000000,312
0xb0480b2debfbfcdf27e6f00e4bf11c761bbaeb84,28000000000000000000,313
0xcb0d64ca8723ee906a9ac71a3db0a6c5b96e0ac3,94000000000000000000,314
0x919a856686d277d95278de323042137e2eca4cd5,6000000000000000000,315
0x160c23b94cbcb1da7bb25b7b68427ba78ae1041c,45000000000000000000,316
0x1994227ed1d20ce0a5434fb91986ab13b771906d,50000000000000000000,317
0xba01ac151c44e290e604f5b94d5b120a2c44ece6,56000000000000000000,318
0x772788fb48064d308171f7435c5503e7682a92b9,13000000000000000000,319
0xaa118030715157ff423668ada28c1dd4a041899c,93000000000000000000,320
0xfb53efeae81578de9ecf7055014050cb04abcc0f,13000000000000000000,321
0x2af9d38f48967a7d7340c0cd89ac75d101e36df1,95000000000000000000,322
0xc4fe8545df09153d78f2a38a977a90b5e2749d6c,15000000000000000000,323
0xd1ea5ac5e154e27ec90aa24d84952ed1f2dff4f6,98000000000000000000,324
0x3889dfc5d867f0b3e9d9881df615883e9b443122,53000000000000000000,325
0x18ac01b8cf4c2aba2c9023087554cabfa3841257,51000000000000000000,326
0x814c7a71f0f7e87346e009eb0e50a41aa0ce9d11,7000000000000000000,327
0xcd2bfc97087f8152983d470f259270f6d3167c43,44000000000000000000,328
0x64d29295be83eeb24e038de7d8fff0d657d8de23,21000000000000000000,329
0x377ca347be06d0e07b33b4de5fe980d035498030,87000000000000000000,330
0x6f7b3eec4b947bcb07cf64701e30144f3e83b727,86000000000000000000,331
0x09c64391c798ed28d8d2c1dde98fae63c18c5a3f,40000000000000000000,332
0xa5990dc7fe0bd3d83179ef04215dda136301dce3,95000000000000000000,333
0xcd1f7c23cddeb5b1fe70119a09d9fee69a31b5e1,43000000000000000000,334
0xb9d861ce423af813d45807f145c70a790bbd5d0a,28000000000000000000,335
0xd3bdced9c25bb76472e1313d4dcf3c183d721b80,35000000000000000000,336
0xa4843007a1cc36f42dd95062f8443f2b360143b1,31000000000000000000,337
0x4c185cdaa130be6f8dad25737f9073eb497e6660,59000000000000000000,338
0x99826de656cd7728ea2815dce5ecd7c28af25366,46000000000000000000,339
0xe1f7f2700cd3245e632fd3f76bdbcf4eb9014b04,10000000000000000000,340
0xbbc28d68c1794dd5ae9ebd64cbb5a4ff02dcef84,13000000000000000000,341
0x60c2253c3c3171f566f87fb736c296c368587e47,20000000000000000000,342
0x45a45cc0881e1fc48a2d1afd297408f19ea896e7,13000000000000000000,343
0x5680b47c39ceaf0811210021dbb423183dc91c4c,47000000000000000000,344
0x46e5d75bfec40348beec578ef8382e63bd6e70c9,30000000000000000000,345
0x54c1fac32379683c0898bafde45d79b9b4988bd6,75000000000000000000,346
0x578f4693863cc18a7c3a5148a4b458c7c6234d73,80000000000000000000,347
0x6717793ca85b2e7582d8ce7e80849b91b94256cc,74000000000000000000,348
0x030f214a1278ca07efad8771377c4f05710c79a3,48000000000000000000,349
0x716652aaa7337b29e6e0f670391d68351841bf9b,15000000000000000000,350
0xcbd35e00f604e843af80232608dd7a70ca99bdb6,55000000000000000000,351
0x8477dd187e8d9e17229d04cfab88e1bb8d9bc7b9,94000000000000000000,352
0x6d745328240b4b8066ac59f0b4ea2d0c42acfe53,54000000000000000000,353
0x158392497082290af8f591131e81a35bd087a723,8000000000000000000,354
0xe4fcad29fe9cbced3cf29fe19f711882ec7ce4f0,24000000000000000000,355
0xeff1286f0bcebdfd066ec96fac56731880c574dd,45000000000000000000,356
0x968dc36dad4684568326d7be1673c1cee819e3bb,87000000000000000000,357
0x6498ecd1baf73d68246ba055a79695402992553f,4000000000000000000,358
0xac7de8c77d844a6bfae3006b4fd4d837fa5299ee,67000000000000000000,359
0xe6afb1bb4c8457026710351268083313ec312308,34000000000000000000,360
0x8d933efd22c8469c3781de3c9962d1b0fdf60250,27000000000000000000,361
0x4e1c3c2bce1e7350e778f3336ddaea6aa7dd5664,74000000000000000000,362
0x762da9c48122bf526012944c6504eb45ce41642e,7000000000000000000,363
0x06133a703f869d301d7d191635c0030d139b9b8f,27000000000000000000,364
0x1162ab9215ff7883abf8b0368a5d6c0f9e14b4e0,41000000000000000000,365
0x5927b7b5928e245d1969111f6db04db7b985bdea,79000000000000000000,366
0x5f6d17804631171671562110a47a15d0db12393c,97000000000000000000,367
0xf0e58be7fd2ee997261917f14236da1d5308c66c,32000000000000000000,368
0x625a4155b85520bc71f7c7587a8c424cfd2a294b,17000000000000000000,369
0x217a2269ffef6c187a92ae4f6025fa3c0ab68119,81000000000000000000,370
0x011bbbcea68eb81915ee1f8ebac898b033dbd9f9,55000000000000000000,371
0xd242d91523fae8c53650434699d8d2eeb6f5e833,18000000000000000000,372
0x2101ce02cdd3767b936d0ab771418008bf41ffd0,99000000000000000000,373
0x11fc14100822b3a92c3454fef9af6540d52708a9,63000000000000000000,374
0x6a0894aa0941f166e3118b813dda16fe813ddf1e,83000000000000000000,375
0xe1ba169d1ff2ae77bd1298c63d540bf20ad2f396,19000000000000000000,376
0xc9b95863976842fd5df9fb24c1270b44a1b74feb,20000000000000000000,377
0xc52d25b7546d551738d2e016e6e3175072e4b061,65000000000000000000,378
0x3d3357c05d3bad59dd5f406873d13abef843c424,86000000000000000000,379
0xac23d4b445a0a70a640677005d8fba4f4c0660a7,76000000000000000000,380
0x99f857789d0ad6ec495969cba3f4997424bd7990,46000000000000000000,381
0x1075c70028d3ff3dbb896397b880e553d1aa568b,96000000000000000000,382
0x89b4b9a77c1196e879e8e1acec741cb76e3d01f9,30000000000000000000,383
0x41177d301990013f9597b82115337de682fc058c,53000000000000000000,384
0x02633d03c11b234b7b03b532527062339a171831,39000000000000000000,385
0x32384b3582e8b09d6aab151ac41ad58198491034,82000000000000000000,386
0x0dfdc8810e1cc6263886225da80de836625a7936,15000000000000000000,387
0xe2b19375851be6757b63a5065c43a610e8b36a55,29000000000000000000,388
0x0e87a6ec2517528e5feb65bf8ebe2e8c3034a6f6,7000000000000000000,389
0xe00cc4bdd9f410b80a93237b6b1b2deddaa5faa9,59000000000000000000,390
0x1b7888959467625cd29425891a659106c5fd9993,5000000000000000000,391
0xb9a40e5f45cd1ae8797c9898b629bd1387259bba,12000000000000000000,392
0x833a0a3695f4f9e33b973b14a7b910840e43639c,67000000000000000000,393
0xc4acb2be0c63768797725085e098ae3f70cccb98,83000000000000000000,394
0xbecb98f23f21eaa2e6a543dc00e9ec727c3fbe32,51000000000000000000,395
0x07f19e437e5cf995b624b79d4ec4daf42ead6b03,57000000000000000000,396
0xd2aa6b8147429fb7780403e14c69d4efa3020b8e,99000000000000000000,397
0x79232b8dbdda1d6b4cf7502fefe116241ac5abcd,91000000000000000000,398
0x8550fa6aa998e7dba7d448f6b51b50ff5f8c4747,22000000000000000000,399
0xa61094c1138595411437c680a66d49755bd6e159,1000000000000000000,400
0xa27cf398e16b26bb15137f945782be50ca819a2c,26000000000000000000,401
0x3efd66167df7b6e428809af37ab11e093792b544,56000000000000000000,402
0xfb2171f7f57c33254d3af6ac8d32ce8cc3fc18c0,65000000000000000000,403
0x7910f3222e569c07f688b897efee06d8c29752ed,25000000000000000000,404
0x62aa4a1fabb850b1beee173dcd7c6c03c334f5f6,58000000000000000000,405
0x59f996b5855572e7d962ae53005dbb2e26ff5494,26000000000000000000,406
0x2ea322b0d56f7144ce33f54ecd786886025a4b67,43000000000000000000,407
0x9830db8fc46e88a0af4cc784a6317890f875d7e1,85000000000000000000,408
0x729f68ef86f434a4f39a67ca176fed153048d68d,63000000000000000000,409
0xc925ce5c60cef2ab92c4ac490fa9b31d372273a2,62000000000000000000,410
0xe206bf59a5b07a7b0d0cf717beadac09bc04e992,94000000000000000000,411
0x909ca759c8d53bedcd5cf1263e25cfe67fb596bf,70000000000000000000,412
0xa50d02fb31ae27cc28e6b444d405caa3053b52f8,2000000000000000000,413
0x167c9d6fd0fb7c0d929e6fad8e16508cf8838d78,91000000000000000000,414
0x77b0c0d1a7ce2476e50127578ef2b31e969d02cd,73000000000000000000,415
0x665c00fe738bf4820e455c93fa1db01fee9f154c,80000000000000000000,416
0x0a64484c3433c5719b11814ee93c49fe8a4cdb28,90000000000000000000,417
0xb40822e433a206df2f090f641676b2e4728c3a72,9000000000000000000,418
0xb1beed43f61bd06a84e73965a537f21debeb201a,16000000000000000000,419
0xf4e910cd08b195c55b9652cf62829b661229a102,68000000000000000000,420
0xb228b9e9465f23eb334eb0a4f3119f44aaf90d87,60000000000000000000,421
0x8978286c966a91718186cf5643d47c6358112f2e,17000000000000000000,422
0xf73aed455360db334beba7a4ec25f557f639f31d,23000000000000000000,423
0xc96715b13a3d7a1b2416b16f9af7d09487c71f48,30000000000000000000,424
0x7a9105dd7e4f7dabe46ffd500c9587c6505501b8,89000000000000000000,425
0x9578d7e9bcc2d04897fc03812487733753a8e1ce,96000000000000000000,426
0xbc63d1b6e30fb53af739bf313fca54cb03ce5c8c,61000000000000000000,427
0x0d641eadb8ee96e54868a3d2833d58f4b1cecc46,10000000000000000000,428
0xdb9669888958992ab6be46717b75b2498c472cc6,62000000000000000000,429
0xe0440f873087f0512a0218fdcc1fed926c665dff,49000000000000000000,430
0x46a74db71b7fdcab9681bef299a83e92bde9a0ac,19000000000000000000,431
0x7d8c3cba1604b0601904cf857999e9a52c5b62b8,76000000000000000000,432
0xba514423d409527776e9ba757a4491d680163923,20000000000000000000,433
0xe222c1ec64bc9bfd97d52a6eb5f4d8a110342f5d,8000000000000000000,434
0xff1598d9a18445912b334dc12e74bed1cadb08da,6000000000000000000,435
0x6650ccf41736ef0cb39fbc95ae604b72d91a4a11,23000000000000000000,436
0x998727f61d2afac08603f8c4c09ae98260e6109b,12000000000000000000,437
0x42c02989bff8957ef127102dd61d776785cca685,33000000000000000000,438
0x774bfe49b3b0953620533fe21202c5b985ce0f36,23000000000000000000,439
0xb0ae3feb91c92b404014a8c10aee8f1b00f0752a,66000000000000000000,440
0x7b93b1fe44e12013a82dfe9f635d6d9c4f91c956,45000000000000000000,441
0xe4aa3ca84b804dda23556d9a3696123f0bf2566f,6000000000000000000,442
0x89145cf98d4c8ed27ae633da4431ee09d1643f33,53000000000000000000,443
0xcc5d3804452591e2e9aeeff0972050ea1b408254,46000000000000000000,444
0x048a6929d9b395a8d5daed3053286269f3469a1f,79000000000000000000,445
0xc5a61cdf84aece021f780cf0a386a7f30269588f,8000000000000000000,446
0x71056765fb46213f62ffc04fb0f79d6c163df122,43000000000000000000,447
0x062ee6080c851b2628621d4e120d64ecb1e6efad,38000000000000000000,448
0x8838029a2e8e6bc7b8339e70314a77c1f39affda,80000000000000000000,449
0xf4e59cf5069030409e84c98206d6b91a23179a95,25000000000000000000,450
0x7fccab4db8db60374f7edef4b3e57e175473e1ac,76000000000000000000,451
0x2d860b231d1421db7462c516cffefd8d2edbd219,97000000000000000000,452
0xd308b29723107c7c927f9255d8ea505658f9a481,94000000000000000000,453
0x9b73fd67975c83054998cfb2c1fb9ff98a804eb0,9000000000000000000,454
0x8994d8211155844afbd1c1da0d51da385eaae6b1,60000000000000000000,455
0x00023e599c1bbfff18d8b394f994115d187d1b17,14000000000000000000,456
0x2d0b733c8075a9b66a79d678ea2bf1b1a4a2e206,26000000000000000000,457
0x9b7a859ee9da45af1a9cc40e4a8ff5fdc6a0d859,3000000000000000000,458
0x466cadeb5096e4ab3140b7ae84db66781bcd3268,17000000000000000000,459
0x188bdddf44c1f58ef557c1127c449537fd72c599,58000000000000000000,460
0xab2903afb36f3ef35fbe2090c512963ca0a2c918,84000000000000000000,461
0x092525ed4c469b6929cfbdb805b425281e215f18,8000000000000000000,462
0xbf58c2ba59e1973119c97c40d296ecb769b272df,45000000000000000000,463
0xe8766d491721185d866a162d9cc581e0d203ce15,91000000000000000000,464
0x292c47e7cef106ac8dd04633a8ca90d990eedf04,12000000000000000000,465
0x2ad6a031320e4d9c2a3f8d258482fbcee5dc12d3,92000000000000000000,466
0x8a3f43a5493e8a47269336e5f3c13a66cffcd724,100000000000000000000,467
0x65c950c81969cdf27764dd5c0298c27e5051ac16,62000000000000000000,468
0x7723dc21c430824fb906a1a898b6dbf4364de684,15000000000000000000,469
0x972aac82e541894b6d0c13b8075be3b97c4ee9fc,35000000000000000000,470
0x1c4e54b66b2bd931aaecfeaf69754f3a6abb0d9c,74000000000000000000,471
0xd5ef92d984aa6e575a5e6fff88eac539b1249466,77000000000000000000,472
0xf8fcb0c3c40c390abe64004f9e53207355b9acb6,86000000000000000000,473
0x1dcc4f0c332edb2d8895aea9c8832382bec01ca5,31000000000000000000,474
0x01459c1456d2a4f1304517d9094445d4acad5290,91000000000000000000,475
0xff49b8b4c767198ee7f0732027016e89f8c1e787,63000000000000000000,476
0x5e081bf0c0e5d8541e5fef044f87feb094bf2bc6,11000000000000000000,477
0x8e14f4a8e67cb28e2ccd8841a60f5c60bcb0eee3,85000000000000000000,478
0xcede5381023069ba724e86630d2fc0ceac96f7a7,100000000000000000000,479
0x64c88ae9089a671380655a4d344702203fe420ad,20000000000000000000,480
0x18daa4999f90642fee4d91fd2cd1708a6ceda4aa,16000000000000000000,481
0x2ce12022ef0abefe153e5dc5e26a1d1efc212ecc,36000000000000000000,482
0xeb948cccf644d96b88ccc175f0ea990b2b172f62,43000000000000000000,483
0xbc10b969f9c2bd218bf0c6d9684f8d36d857dc25,3000000000000000000,484
0x1d7cb2cb3adda83e3214be502a753b47808e8f15,48000000000000000000,485
0xaea3f6243187034e2470380599e2dab73d3aa10d,8000000000000000000,486
0x352457e10c0f77030cc0490f82c267d7f46dc6b2,41000000000000000000,487
0xff7a505956f77a8085701f1edf3e157c13112960,76000000000000000000,488
0x3ebb128fd5bf8cc40144a61723c56ed03a9b2cb0,23000000000000000000,489
0x84cc062ca054f87195e53f92cafaceea6daac80d,23000000000000000000,490
0x245677c604fb9c85fa861a809785284b7560891e,67000000000000000000,491
0xd25457158dfa5d5625b59ed47210fda6a602f0d9,99000000000000000000,492
0xb186cddbd8be035300c685e7394f59809fa1178d,74000000000000000000,493
0xc588e1228a6bf5ee49369a90d5f125e61e0ebe24,66000000000000000000,494
0xd5aae9f8f9eb67f5433430a801ad427bf4225797,9000000000000000000,495
0xbb19a7581ca3227f9ec6b79b7e2c9d4f734f3941,57000000000000000000,496
0x69ac08fb061cd0e0a8b3a5a694915a2062eac335,29000000000000000000,497
0xbf979b70adc21bafe6dba60593319b16e13f0e65,53000000000000000000,498
0xf59c978f6b48465c808cf8e917d53b3603c0996e,34000000000000000000,499
0x4c373eda794e04a2b88a1fa78924c5579679689e,26000000000000000000,500